START DATE,START TIME,START TIME ET,SUBJECT,LOCATION,DESCRIPTION,END DATE,END DATE ET,END TIME,END TIME ET,REMINDER OFF,REMINDER ON,REMINDER DATE,REMINDER TIME,REMINDER TIME ET,SHOWTIMEAS FREE,SHOWTIMEAS BUSY
02/23/18,02:05 PM,03:05 PM,Cubs at Brewers,Maryvale Baseball Park - Phoenix,"Local Radio: MLB.com",02/23/18,02/23/18,05:05 PM,06:05 PM,FALSE,TRUE,02/23/18,01:05 PM,02:05 PM,FREE,BUSY
02/24/18,02:05 PM,03:05 PM,Rangers at Cubs,Sloan Park - Mesa,"Local Radio: 670 The Score",02/24/18,02/24/18,05:05 PM,06:05 PM,FALSE,TRUE,02/24/18,01:05 PM,02:05 PM,FREE,BUSY
02/25/18,02:05 PM,03:05 PM,Cubs at Giants,Scottsdale Stadium - Scottsdale,"Local Radio: MLB.com",02/25/18,02/25/18,05:05 PM,06:05 PM,FALSE,TRUE,02/25/18,01:05 PM,02:05 PM,FREE,BUSY
02/26/18,02:05 PM,03:05 PM,Mariners at Cubs,Sloan Park - Mesa,"Local Radio: MLB.com",02/26/18,02/26/18,05:05 PM,06:05 PM,FALSE,TRUE,02/26/18,01:05 PM,02:05 PM,FREE,BUSY
02/27/18,02:05 PM,03:05 PM,White Sox at Cubs,Sloan Park - Mesa,"Local TV: WGN ----- Local Radio: MLB.com",02/27/18,02/27/18,05:05 PM,06:05 PM,FALSE,TRUE,02/27/18,01:05 PM,02:05 PM,FREE,BUSY
02/28/18,02:05 PM,03:05 PM,Athletics at Cubs,Sloan Park - Mesa,"Local Radio: MLB.com",02/28/18,02/28/18,05:05 PM,06:05 PM,FALSE,TRUE,02/28/18,01:05 PM,02:05 PM,FREE,BUSY
03/01/18,02:05 PM,03:05 PM,Rockies at Cubs,Sloan Park - Mesa,"Local Radio: MLB.com",03/01/18,03/01/18,05:05 PM,06:05 PM,FALSE,TRUE,03/01/18,01:05 PM,02:05 PM,FREE,BUSY
03/02/18,02:10 PM,03:10 PM,Cubs at Angels,Tempe Diablo Stadium - Tempe,"Local Radio: MLB.com",03/02/18,03/02/18,05:10 PM,06:10 PM,FALSE,TRUE,03/02/18,01:10 PM,02:10 PM,FREE,BUSY
03/03/18,02:05 PM,03:05 PM,Reds at Cubs,Sloan Park - Mesa,"Local Radio: 670 The Score",03/03/18,03/03/18,05:05 PM,06:05 PM,FALSE,TRUE,03/03/18,01:05 PM,02:05 PM,FREE,BUSY
03/04/18,02:10 PM,03:10 PM,Cubs at D-backs,Salt River Fields at Talking Stick - Scottsdale,"Local Radio: 670 The Score",03/04/18,03/04/18,05:10 PM,06:10 PM,FALSE,TRUE,03/04/18,01:10 PM,02:10 PM,FREE,BUSY
03/05/18,02:10 PM,03:10 PM,Cubs at Rockies,Salt River Fields at Talking Stick - Scottsdale,"Local Radio: MLB.com",03/05/18,03/05/18,05:10 PM,06:10 PM,FALSE,TRUE,03/05/18,01:10 PM,02:10 PM,FREE,BUSY
03/06/18,02:05 PM,03:05 PM,Dodgers at Cubs,Sloan Park - Mesa,"Local Radio: MLB.com",03/06/18,03/06/18,05:05 PM,06:05 PM,FALSE,TRUE,03/06/18,01:05 PM,02:05 PM,FREE,BUSY
03/07/18,07:05 PM,08:05 PM,Cubs at Indians,Goodyear Ballpark - Goodyear,"Local TV: WGN- MLBN ----- Local Radio: MLB.com",03/07/18,03/07/18,10:05 PM,11:05 PM,FALSE,TRUE,03/07/18,06:05 PM,07:05 PM,FREE,BUSY
03/08/18,02:05 PM,03:05 PM,Padres at Cubs,Sloan Park - Mesa,"Local Radio: MLB.com",03/08/18,03/08/18,05:05 PM,06:05 PM,FALSE,TRUE,03/08/18,01:05 PM,02:05 PM,FREE,BUSY
03/09/18,02:05 PM,03:05 PM,Angels at Cubs,Sloan Park - Mesa,"Local Radio: 670 The Score",03/09/18,03/09/18,05:05 PM,06:05 PM,FALSE,TRUE,03/09/18,01:05 PM,02:05 PM,FREE,BUSY
03/10/18,02:05 PM,03:05 PM,White Sox at Cubs,Sloan Park - Mesa,"Local Radio: 670 The Score",03/10/18,03/10/18,05:05 PM,06:05 PM,FALSE,TRUE,03/10/18,01:05 PM,02:05 PM,FREE,BUSY
03/10/18,08:05 PM,09:05 PM,Cubs at Dodgers,Camelback Ranch - Glendale,"Local Radio: MLB.com",03/10/18,03/11/18,11:05 PM,12:05 AM,FALSE,TRUE,03/10/18,07:05 PM,08:05 PM,FREE,BUSY
03/11/18,03:05 PM,04:05 PM,Cubs at Athletics,Hohokam Stadium - Mesa,"Local Radio: MLB.com",03/11/18,03/11/18,06:05 PM,07:05 PM,FALSE,TRUE,03/11/18,02:05 PM,03:05 PM,FREE,BUSY
03/13/18,03:10 PM,04:10 PM,Cubs at Padres,Peoria Stadium - Peoria,"Local TV: MLBN ----- Local Radio: MLB.com",03/13/18,03/13/18,06:10 PM,07:10 PM,FALSE,TRUE,03/13/18,02:10 PM,03:10 PM,FREE,BUSY
03/13/18,09:05 PM,10:05 PM,Giants at Cubs,Sloan Park - Mesa,"Local Radio: MLB.com",03/14/18,03/14/18,12:05 AM,01:05 AM,FALSE,TRUE,03/13/18,08:05 PM,09:05 PM,FREE,BUSY
03/14/18,03:05 PM,04:05 PM,Cubs at Royals,Surprise Stadium - Surprise,"Local Radio: MLB.com",03/14/18,03/14/18,06:05 PM,07:05 PM,FALSE,TRUE,03/14/18,02:05 PM,03:05 PM,FREE,BUSY
03/15/18,03:05 PM,04:05 PM,D-backs at Cubs,Sloan Park - Mesa,"Local Radio: MLB.com",03/15/18,03/15/18,06:05 PM,07:05 PM,FALSE,TRUE,03/15/18,02:05 PM,03:05 PM,FREE,BUSY
03/16/18,03:05 PM,04:05 PM,Cubs at White Sox,Camelback Ranch - Glendale,"Local TV: MLBN ----- Local Radio: MLB.com",03/16/18,03/16/18,06:05 PM,07:05 PM,FALSE,TRUE,03/16/18,02:05 PM,03:05 PM,FREE,BUSY
03/17/18,03:05 PM,04:05 PM,Indians at Cubs,Sloan Park - Mesa,"",03/17/18,03/17/18,06:05 PM,07:05 PM,FALSE,TRUE,03/17/18,02:05 PM,03:05 PM,FREE,BUSY
03/17/18,06:05 PM,07:05 PM,Indians at Cubs,Cashman Field - Las Vegas,"Local TV: WGN",03/17/18,03/17/18,09:05 PM,10:05 PM,FALSE,TRUE,03/17/18,05:05 PM,06:05 PM,FREE,BUSY
03/18/18,03:05 PM,04:05 PM,Indians at Cubs,Cashman Field - Las Vegas,"Local TV: NBC Sports Chicago ----- Local Radio: 670 The Score",03/18/18,03/18/18,06:05 PM,07:05 PM,FALSE,TRUE,03/18/18,02:05 PM,03:05 PM,FREE,BUSY
03/18/18,03:05 PM,04:05 PM,Royals at Cubs,Sloan Park - Mesa,"",03/18/18,03/18/18,06:05 PM,07:05 PM,FALSE,TRUE,03/18/18,02:05 PM,03:05 PM,FREE,BUSY
03/19/18,08:05 PM,09:05 PM,Cubs at Reds,Goodyear Ballpark - Goodyear,"Local Radio: MLB.com",03/19/18,03/20/18,11:05 PM,12:05 AM,FALSE,TRUE,03/19/18,07:05 PM,08:05 PM,FREE,BUSY
03/21/18,03:05 PM,04:05 PM,Cubs at Rangers,Surprise Stadium - Surprise,"Local TV: MLBN ----- Local Radio: MLB.com",03/21/18,03/21/18,06:05 PM,07:05 PM,FALSE,TRUE,03/21/18,02:05 PM,03:05 PM,FREE,BUSY
03/22/18,09:05 PM,10:05 PM,Cubs at Giants,Scottsdale Stadium - Scottsdale,"Local Radio: 670 The Score",03/23/18,03/23/18,12:05 AM,01:05 AM,FALSE,TRUE,03/22/18,08:05 PM,09:05 PM,FREE,BUSY
03/23/18,03:05 PM,04:05 PM,Brewers at Cubs,Sloan Park - Mesa,"Local Radio: 670 The Score",03/23/18,03/23/18,06:05 PM,07:05 PM,FALSE,TRUE,03/23/18,02:05 PM,03:05 PM,FREE,BUSY
03/24/18,08:40 PM,09:40 PM,Cubs at Mariners,Peoria Stadium - Peoria,"",03/24/18,03/25/18,11:40 PM,12:40 AM,FALSE,TRUE,03/24/18,07:40 PM,08:40 PM,FREE,BUSY
03/24/18,09:05 PM,10:05 PM,Rockies at Cubs,Sloan Park - Mesa,"Local TV: NBC Sports Chicago- MLBN ----- Local Radio: 670 The Score",03/25/18,03/25/18,12:05 AM,01:05 AM,FALSE,TRUE,03/24/18,08:05 PM,09:05 PM,FREE,BUSY
03/25/18,02:05 PM,03:05 PM,Cubs at Royals,Surprise Stadium - Surprise,"Local TV: WGN ----- Local Radio: 670 The Score",03/25/18,03/25/18,05:05 PM,06:05 PM,FALSE,TRUE,03/25/18,01:05 PM,02:05 PM,FREE,BUSY
03/26/18,05:05 PM,06:05 PM,Cubs at Red Sox,JetBlue Park - Ft. Myers,"Local Radio: MLB.com",03/26/18,03/26/18,08:05 PM,09:05 PM,FALSE,TRUE,03/26/18,04:05 PM,05:05 PM,FREE,BUSY
03/27/18,12:05 PM,01:05 PM,Cubs at Red Sox,JetBlue Park - Ft. Myers,"Local TV: ESPN ----- Local Radio: MLB.com",03/27/18,03/27/18,03:05 PM,04:05 PM,FALSE,TRUE,03/27/18,11:05 AM,12:05 PM,FREE,BUSY
03/29/18,11:40 AM,12:40 PM,Cubs at Marlins,Marlins Park - Miami,"Local TV: WGN- ESPN (out-of-market only) ----- Local Radio: 670 The Score",03/29/18,03/29/18,02:40 PM,03:40 PM,FALSE,TRUE,03/29/18,10:40 AM,11:40 AM,FREE,BUSY
03/30/18,06:10 PM,07:10 PM,Cubs at Marlins,Marlins Park - Miami,"Local TV: WGN ----- Local Radio: 670 The Score",03/30/18,03/30/18,09:10 PM,10:10 PM,FALSE,TRUE,03/30/18,05:10 PM,06:10 PM,FREE,BUSY
03/31/18,06:10 PM,07:10 PM,Cubs at Marlins,Marlins Park - Miami,"Local TV: NBC Sports Chicago ----- Local Radio: 670 The Score",03/31/18,03/31/18,09:10 PM,10:10 PM,FALSE,TRUE,03/31/18,05:10 PM,06:10 PM,FREE,BUSY
04/01/18,12:10 PM,01:10 PM,Cubs at Marlins,Marlins Park - Miami,"Local TV: NBC Sports Chicago+ ----- Local Radio: 670 The Score",04/01/18,04/01/18,03:10 PM,04:10 PM,FALSE,TRUE,04/01/18,11:10 AM,12:10 PM,FREE,BUSY
04/02/18,03:10 PM,04:10 PM,Cubs at Reds,Great American Ball Park - Cincinnati,"Local TV: NBC Sports Chicago- MLBN (out-of-market only) ----- Local Radio: 670 The Score",04/02/18,04/02/18,06:10 PM,07:10 PM,FALSE,TRUE,04/02/18,02:10 PM,03:10 PM,FREE,BUSY
04/05/18,07:10 PM,08:10 PM,Cubs at Brewers,Miller Park - Milwaukee,"Local TV: NBC Sports Chicago ----- Local Radio: 670 The Score",04/05/18,04/05/18,10:10 PM,11:10 PM,FALSE,TRUE,04/05/18,06:10 PM,07:10 PM,FREE,BUSY
04/06/18,07:10 PM,08:10 PM,Cubs at Brewers,Miller Park - Milwaukee,"Local TV: NBC Sports Chicago+ ----- Local Radio: 670 The Score",04/06/18,04/06/18,10:10 PM,11:10 PM,FALSE,TRUE,04/06/18,06:10 PM,07:10 PM,FREE,BUSY
04/07/18,03:05 PM,04:05 PM,Cubs at Brewers,Miller Park - Milwaukee,"Local TV: ABC 7- FS1- FOX Deportes ----- Local Radio: 670 The Score",04/07/18,04/07/18,06:05 PM,07:05 PM,FALSE,TRUE,04/07/18,02:05 PM,03:05 PM,FREE,BUSY
04/08/18,01:10 PM,02:10 PM,Cubs at Brewers,Miller Park - Milwaukee,"Local TV: WGN ----- Local Radio: 670 The Score",04/08/18,04/08/18,04:10 PM,05:10 PM,FALSE,TRUE,04/08/18,12:10 PM,01:10 PM,FREE,BUSY
04/10/18,01:20 PM,02:20 PM,Pirates at Cubs,Wrigley Field - Chicago,"Local TV: ABC 7- MLBN (out-of-market only) ----- Local Radio: 670 The Score- WRTO 1200",04/10/18,04/10/18,04:20 PM,05:20 PM,FALSE,TRUE,04/10/18,12:20 PM,01:20 PM,FREE,BUSY
04/11/18,07:05 PM,08:05 PM,Pirates at Cubs,Wrigley Field - Chicago,"Local TV: WGN- MLBN (out-of-market only) ----- Local Radio: 670 The Score",04/11/18,04/11/18,10:05 PM,11:05 PM,FALSE,TRUE,04/11/18,06:05 PM,07:05 PM,FREE,BUSY
04/12/18,01:20 PM,02:20 PM,Pirates at Cubs,Wrigley Field - Chicago,"Local TV: NBC Sports Chicago- MLBN (out-of-market only) ----- Local Radio: 670 The Score",04/12/18,04/12/18,04:20 PM,05:20 PM,FALSE,TRUE,04/12/18,12:20 PM,01:20 PM,FREE,BUSY
04/13/18,01:20 PM,02:20 PM,Braves at Cubs,Wrigley Field - Chicago,"Local TV: NBC Sports Chicago- MLBN (out-of-market only) ----- Local Radio: 670 The Score- WRTO 1200",04/13/18,04/13/18,04:20 PM,05:20 PM,FALSE,TRUE,04/13/18,12:20 PM,01:20 PM,FREE,BUSY
04/14/18,01:20 PM,02:20 PM,Braves at Cubs,Wrigley Field - Chicago,"Local TV: NBC Sports Chicago ----- Local Radio: 670 The Score",04/14/18,04/14/18,04:20 PM,05:20 PM,FALSE,TRUE,04/14/18,12:20 PM,01:20 PM,FREE,BUSY
04/17/18,07:05 PM,08:05 PM,Cardinals at Cubs,Wrigley Field - Chicago,"Local TV: NBC Sports Chicago ----- Local Radio: 670 The Score",04/17/18,04/17/18,10:05 PM,11:05 PM,FALSE,TRUE,04/17/18,06:05 PM,07:05 PM,FREE,BUSY
04/19/18,01:20 PM,02:20 PM,Cardinals at Cubs,Wrigley Field - Chicago,"Local TV: ABC 7- MLBN (out-of-market only) ----- Local Radio: 670 The Score- WRTO 1200",04/19/18,04/19/18,04:20 PM,05:20 PM,FALSE,TRUE,04/19/18,12:20 PM,01:20 PM,FREE,BUSY
04/20/18,07:40 PM,08:40 PM,Cubs at Rockies,Coors Field - Denver,"Local TV: WGN ----- Local Radio: 670 The Score",04/20/18,04/20/18,10:40 PM,11:40 PM,FALSE,TRUE,04/20/18,06:40 PM,07:40 PM,FREE,BUSY
04/21/18,07:10 PM,08:10 PM,Cubs at Rockies,Coors Field - Denver,"Local TV: NBC Sports Chicago ----- Local Radio: 670 The Score",04/21/18,04/21/18,10:10 PM,11:10 PM,FALSE,TRUE,04/21/18,06:10 PM,07:10 PM,FREE,BUSY
04/22/18,02:10 PM,03:10 PM,Cubs at Rockies,Coors Field - Denver,"Local TV: NBC Sports Chicago ----- Local Radio: 670 The Score",04/22/18,04/22/18,05:10 PM,06:10 PM,FALSE,TRUE,04/22/18,01:10 PM,02:10 PM,FREE,BUSY
04/24/18,05:10 PM,06:10 PM,Cubs at Indians,Progressive Field - Cleveland,"Local TV: WGN- MLBN (out-of-market only) ----- Local Radio: 670 The Score",04/24/18,04/24/18,08:10 PM,09:10 PM,FALSE,TRUE,04/24/18,04:10 PM,05:10 PM,FREE,BUSY
04/25/18,06:10 PM,07:10 PM,Cubs at Indians,Progressive Field - Cleveland,"Local TV: NBC Sports Chicago ----- Local Radio: 670 The Score",04/25/18,04/25/18,09:10 PM,10:10 PM,FALSE,TRUE,04/25/18,05:10 PM,06:10 PM,FREE,BUSY
04/26/18,07:05 PM,08:05 PM,Brewers at Cubs,Wrigley Field - Chicago,"Local TV: NBC Sports Chicago+- MLBN (out-of-market only) ----- Local Radio: 670 The Score",04/26/18,04/26/18,10:05 PM,11:05 PM,FALSE,TRUE,04/26/18,06:05 PM,07:05 PM,FREE,BUSY
04/27/18,01:20 PM,02:20 PM,Brewers at Cubs,Wrigley Field - Chicago,"Local TV: NBC Sports Chicago- MLBN (out-of-market only) ----- Local Radio: 670 The Score- WRTO 1200",04/27/18,04/27/18,04:20 PM,05:20 PM,FALSE,TRUE,04/27/18,12:20 PM,01:20 PM,FREE,BUSY
04/28/18,01:20 PM,02:20 PM,Brewers at Cubs,Wrigley Field - Chicago,"Local TV: ABC 7- MLBN (out-of-market only) ----- Local Radio: 670 The Score",04/28/18,04/28/18,04:20 PM,05:20 PM,FALSE,TRUE,04/28/18,12:20 PM,01:20 PM,FREE,BUSY
04/29/18,01:20 PM,02:20 PM,Brewers at Cubs,Wrigley Field - Chicago,"Local TV: NBC Sports Chicago ----- Local Radio: 670 The Score",04/29/18,04/29/18,04:20 PM,05:20 PM,FALSE,TRUE,04/29/18,12:20 PM,01:20 PM,FREE,BUSY
04/30/18,06:05 PM,07:05 PM,Rockies at Cubs,Wrigley Field - Chicago,"Local TV: NBC Sports Chicago- ESPN (out-of-market only) ----- Local Radio: 670 The Score",04/30/18,04/30/18,09:05 PM,10:05 PM,FALSE,TRUE,04/30/18,05:05 PM,06:05 PM,FREE,BUSY
05/01/18,07:05 PM,08:05 PM,Rockies at Cubs,Wrigley Field - Chicago,"Local TV: WGN- MLBN (out-of-market only) ----- Local Radio: 670 The Score",05/01/18,05/01/18,10:05 PM,11:05 PM,FALSE,TRUE,05/01/18,06:05 PM,07:05 PM,FREE,BUSY
05/02/18,01:20 PM,02:20 PM,Rockies at Cubs,Wrigley Field - Chicago,"Local TV: NBC Sports Chicago- MLBN (out-of-market only) ----- Local Radio: 670 The Score- WRTO 1200",05/02/18,05/02/18,04:20 PM,05:20 PM,FALSE,TRUE,05/02/18,12:20 PM,01:20 PM,FREE,BUSY
05/04/18,07:15 PM,08:15 PM,Cubs at Cardinals,Busch Stadium - St. Louis,"Local TV: NBC Sports Chicago ----- Local Radio: 670 The Score",05/04/18,05/04/18,10:15 PM,11:15 PM,FALSE,TRUE,05/04/18,06:15 PM,07:15 PM,FREE,BUSY
05/05/18,01:15 PM,02:15 PM,Cubs at Cardinals,Busch Stadium - St. Louis,"Local TV: ABC 7 ----- Local Radio: 670 The Score",05/05/18,05/05/18,04:15 PM,05:15 PM,FALSE,TRUE,05/05/18,12:15 PM,01:15 PM,FREE,BUSY
05/06/18,07:05 PM,08:05 PM,Cubs at Cardinals,Busch Stadium - St. Louis,"Local TV: ESPN ----- Local Radio: 670 The Score",05/06/18,05/06/18,10:05 PM,11:05 PM,FALSE,TRUE,05/06/18,06:05 PM,07:05 PM,FREE,BUSY
05/07/18,07:05 PM,08:05 PM,Marlins at Cubs,Wrigley Field - Chicago,"Local TV: NBC Sports Chicago ----- Local Radio: 670 The Score",05/07/18,05/07/18,10:05 PM,11:05 PM,FALSE,TRUE,05/07/18,06:05 PM,07:05 PM,FREE,BUSY
05/08/18,07:05 PM,08:05 PM,Marlins at Cubs,Wrigley Field - Chicago,"Local TV: NBC Sports Chicago ----- Local Radio: 670 The Score",05/08/18,05/08/18,10:05 PM,11:05 PM,FALSE,TRUE,05/08/18,06:05 PM,07:05 PM,FREE,BUSY
05/09/18,01:20 PM,02:20 PM,Marlins at Cubs,Wrigley Field - Chicago,"Local TV: WGN ----- Local Radio: 670 The Score",05/09/18,05/09/18,04:20 PM,05:20 PM,FALSE,TRUE,05/09/18,12:20 PM,01:20 PM,FREE,BUSY
05/11/18,01:20 PM,02:20 PM,White Sox at Cubs,Wrigley Field - Chicago,"Local TV: NBC Sports Chicago- MLBN (out-of-market only) ----- Local Radio: 670 The Score- WRTO 1200",05/11/18,05/11/18,04:20 PM,05:20 PM,FALSE,TRUE,05/11/18,12:20 PM,01:20 PM,FREE,BUSY
05/12/18,01:20 PM,02:20 PM,White Sox at Cubs,Wrigley Field - Chicago,"Local TV: ABC 7 ----- Local Radio: 670 The Score- WRTO 1200",05/12/18,05/12/18,04:20 PM,05:20 PM,FALSE,TRUE,05/12/18,12:20 PM,01:20 PM,FREE,BUSY
05/13/18,01:20 PM,02:20 PM,White Sox at Cubs,Wrigley Field - Chicago,"Local TV: WGN- MLBN (out-of-market only) ----- Local Radio: 670 The Score- WRTO 1200",05/13/18,05/13/18,04:20 PM,05:20 PM,FALSE,TRUE,05/13/18,12:20 PM,01:20 PM,FREE,BUSY
05/14/18,01:20 PM,02:20 PM,Braves at Cubs,Wrigley Field - Chicago,"Local TV: WGN- MLBN (out-of-market only) ----- Local Radio: 670 The Score",05/14/18,05/14/18,04:20 PM,05:20 PM,FALSE,TRUE,05/14/18,12:20 PM,01:20 PM,FREE,BUSY
05/15/18,06:35 PM,07:35 PM,Cubs at Braves,SunTrust Park - Atlanta,"Local TV: NBC Sports Chicago+ ----- Local Radio: 670 The Score",05/15/18,05/15/18,09:35 PM,10:35 PM,FALSE,TRUE,05/15/18,05:35 PM,06:35 PM,FREE,BUSY
05/16/18,06:35 PM,07:35 PM,Cubs at Braves,SunTrust Park - Atlanta,"Local TV: WGN ----- Local Radio: 670 The Score",05/16/18,05/16/18,09:35 PM,10:35 PM,FALSE,TRUE,05/16/18,05:35 PM,06:35 PM,FREE,BUSY
05/17/18,06:35 PM,07:35 PM,Cubs at Braves,SunTrust Park - Atlanta,"Local TV: WGN- MLBN (out-of-market only) ----- Local Radio: 670 The Score",05/17/18,05/17/18,09:35 PM,10:35 PM,FALSE,TRUE,05/17/18,05:35 PM,06:35 PM,FREE,BUSY
05/18/18,06:10 PM,07:10 PM,Cubs at Reds,Great American Ball Park - Cincinnati,"Local TV: NBC Sports Chicago ----- Local Radio: 670 The Score",05/18/18,05/18/18,09:10 PM,10:10 PM,FALSE,TRUE,05/18/18,05:10 PM,06:10 PM,FREE,BUSY
05/19/18,12:10 PM,01:10 PM,Cubs at Reds,Great American Ball Park - Cincinnati,"Local TV: WGN ----- Local Radio: 670 The Score",05/19/18,05/19/18,03:10 PM,04:10 PM,FALSE,TRUE,05/19/18,11:10 AM,12:10 PM,FREE,BUSY
05/19/18,06:10 PM,07:10 PM,Cubs at Reds,Great American Ball Park - Cincinnati,"Local TV: WGN ----- Local Radio: 670 The Score",05/19/18,05/19/18,09:10 PM,10:10 PM,FALSE,TRUE,05/19/18,05:10 PM,06:10 PM,FREE,BUSY
05/20/18,12:10 PM,01:10 PM,Cubs at Reds,Great American Ball Park - Cincinnati,"Local TV: ABC 7 ----- Local Radio: 670 The Score",05/20/18,05/20/18,03:10 PM,04:10 PM,FALSE,TRUE,05/20/18,11:10 AM,12:10 PM,FREE,BUSY
05/22/18,06:05 PM,07:05 PM,Indians at Cubs,Wrigley Field - Chicago,"Local TV: WGN- ESPN ----- Local Radio: 670 The Score",05/22/18,05/22/18,09:05 PM,10:05 PM,FALSE,TRUE,05/22/18,05:05 PM,06:05 PM,FREE,BUSY
05/23/18,07:05 PM,08:05 PM,Indians at Cubs,Wrigley Field - Chicago,"Local TV: NBC Sports Chicago- MLBN (out-of-market only) ----- Local Radio: 670 The Score",05/23/18,05/23/18,10:05 PM,11:05 PM,FALSE,TRUE,05/23/18,06:05 PM,07:05 PM,FREE,BUSY
05/25/18,01:20 PM,02:20 PM,Giants at Cubs,Wrigley Field - Chicago,"Local TV: ABC 7- MLBN (out-of-market only) ----- Local Radio: 670 The Score- WRTO 1200",05/25/18,05/25/18,04:20 PM,05:20 PM,FALSE,TRUE,05/25/18,12:20 PM,01:20 PM,FREE,BUSY
05/26/18,06:15 PM,07:15 PM,Giants at Cubs,Wrigley Field - Chicago,"Local TV: FOX ----- Local Radio: 670 The Score",05/26/18,05/26/18,09:15 PM,10:15 PM,FALSE,TRUE,05/26/18,05:15 PM,06:15 PM,FREE,BUSY
05/27/18,07:08 PM,08:08 PM,Giants at Cubs,Wrigley Field - Chicago,"Local TV: ESPN ----- Local Radio: 670 The Score",05/27/18,05/27/18,10:08 PM,11:08 PM,FALSE,TRUE,05/27/18,06:08 PM,07:08 PM,FREE,BUSY
05/28/18,12:35 PM,01:35 PM,Cubs at Pirates,PNC Park - Pittsburgh,"Local TV: ABC 7 ----- Local Radio: 670 The Score",05/28/18,05/28/18,03:35 PM,04:35 PM,FALSE,TRUE,05/28/18,11:35 AM,12:35 PM,FREE,BUSY
05/29/18,06:05 PM,07:05 PM,Cubs at Pirates,PNC Park - Pittsburgh,"Local TV: WGN ----- Local Radio: 670 The Score",05/29/18,05/29/18,09:05 PM,10:05 PM,FALSE,TRUE,05/29/18,05:05 PM,06:05 PM,FREE,BUSY
05/30/18,06:05 PM,07:05 PM,Cubs at Pirates,PNC Park - Pittsburgh,"Local TV: NBC Sports Chicago ----- Local Radio: 670 The Score",05/30/18,05/30/18,09:05 PM,10:05 PM,FALSE,TRUE,05/30/18,05:05 PM,06:05 PM,FREE,BUSY
05/31/18,06:10 PM,07:10 PM,Cubs at Mets,Citi Field - Flushing,"Local TV: NBC Sports Chicago ----- Local Radio: 670 The Score",05/31/18,05/31/18,09:10 PM,10:10 PM,FALSE,TRUE,05/31/18,05:10 PM,06:10 PM,FREE,BUSY
06/01/18,06:10 PM,07:10 PM,Cubs at Mets,Citi Field - Flushing,"Local TV: NBC Sports Chicago+ ----- Local Radio: 670 The Score",06/01/18,06/01/18,09:10 PM,10:10 PM,FALSE,TRUE,06/01/18,05:10 PM,06:10 PM,FREE,BUSY
06/02/18,06:15 PM,07:15 PM,Cubs at Mets,Citi Field - Flushing,"Local TV: FOX ----- Local Radio: 670 The Score",06/02/18,06/02/18,09:15 PM,10:15 PM,FALSE,TRUE,06/02/18,05:15 PM,06:15 PM,FREE,BUSY
06/03/18,12:10 PM,01:10 PM,Cubs at Mets,Citi Field - Flushing,"Local TV: ABC 7- MLBN (out-of-market only) ----- Local Radio: 670 The Score",06/03/18,06/03/18,03:10 PM,04:10 PM,FALSE,TRUE,06/03/18,11:10 AM,12:10 PM,FREE,BUSY
06/05/18,07:05 PM,08:05 PM,Phillies at Cubs,Wrigley Field - Chicago,"Local TV: WGN ----- Local Radio: 670 The Score",06/05/18,06/05/18,10:05 PM,11:05 PM,FALSE,TRUE,06/05/18,06:05 PM,07:05 PM,FREE,BUSY
06/06/18,07:05 PM,08:05 PM,Phillies at Cubs,Wrigley Field - Chicago,"Local TV: NBC Sports Chicago+ ----- Local Radio: 670 The Score",06/06/18,06/06/18,10:05 PM,11:05 PM,FALSE,TRUE,06/06/18,06:05 PM,07:05 PM,FREE,BUSY
06/07/18,01:20 PM,02:20 PM,Phillies at Cubs,Wrigley Field - Chicago,"Local TV: NBC Sports Chicago ----- Local Radio: 670 The Score",06/07/18,06/07/18,04:20 PM,05:20 PM,FALSE,TRUE,06/07/18,12:20 PM,01:20 PM,FREE,BUSY
06/08/18,01:20 PM,02:20 PM,Pirates at Cubs,Wrigley Field - Chicago,"Local TV: NBC Sports Chicago ----- Local Radio: 670 The Score- WRTO 1200",06/08/18,06/08/18,04:20 PM,05:20 PM,FALSE,TRUE,06/08/18,12:20 PM,01:20 PM,FREE,BUSY
06/09/18,01:20 PM,02:20 PM,Pirates at Cubs,Wrigley Field - Chicago,"Local TV: ABC 7 ----- Local Radio: 670 The Score",06/09/18,06/09/18,04:20 PM,05:20 PM,FALSE,TRUE,06/09/18,12:20 PM,01:20 PM,FREE,BUSY
06/10/18,01:20 PM,02:20 PM,Pirates at Cubs,Wrigley Field - Chicago,"Local TV: WGN ----- Local Radio: 670 The Score",06/10/18,06/10/18,04:20 PM,05:20 PM,FALSE,TRUE,06/10/18,12:20 PM,01:20 PM,FREE,BUSY
06/11/18,07:10 PM,08:10 PM,Cubs at Brewers,Miller Park - Milwaukee,"Local TV: NBC Sports Chicago+ ----- Local Radio: 670 The Score",06/11/18,06/11/18,10:10 PM,11:10 PM,FALSE,TRUE,06/11/18,06:10 PM,07:10 PM,FREE,BUSY
06/12/18,07:10 PM,08:10 PM,Cubs at Brewers,Miller Park - Milwaukee,"Local TV: NBC Sports Chicago ----- Local Radio: 670 The Score",06/12/18,06/12/18,10:10 PM,11:10 PM,FALSE,TRUE,06/12/18,06:10 PM,07:10 PM,FREE,BUSY
06/13/18,01:10 PM,02:10 PM,Cubs at Brewers,Miller Park - Milwaukee,"Local TV: WGN ----- Local Radio: 670 The Score",06/13/18,06/13/18,04:10 PM,05:10 PM,FALSE,TRUE,06/13/18,12:10 PM,01:10 PM,FREE,BUSY
06/15/18,07:15 PM,08:15 PM,Cubs at Cardinals,Busch Stadium - St. Louis,"Local TV: ABC 7 ----- Local Radio: 670 The Score",06/15/18,06/15/18,10:15 PM,11:15 PM,FALSE,TRUE,06/15/18,06:15 PM,07:15 PM,FREE,BUSY
06/16/18,07:15 PM,08:15 PM,Cubs at Cardinals,Busch Stadium - St. Louis,"Local TV: FOX ----- Local Radio: 670 The Score",06/16/18,06/16/18,10:15 PM,11:15 PM,FALSE,TRUE,06/16/18,06:15 PM,07:15 PM,FREE,BUSY
06/17/18,01:15 PM,02:15 PM,Cubs at Cardinals,Busch Stadium - St. Louis,"Local Radio: 670 The Score",06/17/18,06/17/18,04:15 PM,05:15 PM,FALSE,TRUE,06/17/18,12:15 PM,01:15 PM,FREE,BUSY
06/18/18,07:05 PM,08:05 PM,Dodgers at Cubs,Wrigley Field - Chicago,"Local TV: NBC Sports Chicago ----- Local Radio: 670 The Score",06/18/18,06/18/18,10:05 PM,11:05 PM,FALSE,TRUE,06/18/18,06:05 PM,07:05 PM,FREE,BUSY
06/19/18,07:05 PM,08:05 PM,Dodgers at Cubs,Wrigley Field - Chicago,"Local TV: ABC 7 ----- Local Radio: 670 The Score",06/19/18,06/19/18,10:05 PM,11:05 PM,FALSE,TRUE,06/19/18,06:05 PM,07:05 PM,FREE,BUSY
06/20/18,01:20 PM,02:20 PM,Dodgers at Cubs,Wrigley Field - Chicago,"Local TV: WGN ----- Local Radio: 670 The Score- WRTO 1200",06/20/18,06/20/18,04:20 PM,05:20 PM,FALSE,TRUE,06/20/18,12:20 PM,01:20 PM,FREE,BUSY
06/21/18,06:10 PM,07:10 PM,Cubs at Reds,Great American Ball Park - Cincinnati,"Local TV: NBC Sports Chicago ----- Local Radio: 670 The Score",06/21/18,06/21/18,09:10 PM,10:10 PM,FALSE,TRUE,06/21/18,05:10 PM,06:10 PM,FREE,BUSY
06/22/18,06:10 PM,07:10 PM,Cubs at Reds,Great American Ball Park - Cincinnati,"Local TV: WGN ----- Local Radio: 670 The Score",06/22/18,06/22/18,09:10 PM,10:10 PM,FALSE,TRUE,06/22/18,05:10 PM,06:10 PM,FREE,BUSY
06/23/18,03:10 PM,04:10 PM,Cubs at Reds,Great American Ball Park - Cincinnati,"Local TV: ABC 7 ----- Local Radio: 670 The Score",06/23/18,06/23/18,06:10 PM,07:10 PM,FALSE,TRUE,06/23/18,02:10 PM,03:10 PM,FREE,BUSY
06/24/18,12:10 PM,01:10 PM,Cubs at Reds,Great American Ball Park - Cincinnati,"Local TV: NBC Sports Chicago ----- Local Radio: 670 The Score",06/24/18,06/24/18,03:10 PM,04:10 PM,FALSE,TRUE,06/24/18,11:10 AM,12:10 PM,FREE,BUSY
06/25/18,09:10 PM,10:10 PM,Cubs at Dodgers,Dodger Stadium - Los Angeles,"Local TV: NBC Sports Chicago ----- Local Radio: 670 The Score",06/26/18,06/26/18,12:10 AM,01:10 AM,FALSE,TRUE,06/25/18,08:10 PM,09:10 PM,FREE,BUSY
06/26/18,09:10 PM,10:10 PM,Cubs at Dodgers,Dodger Stadium - Los Angeles,"Local TV: WGN ----- Local Radio: 670 The Score",06/27/18,06/27/18,12:10 AM,01:10 AM,FALSE,TRUE,06/26/18,08:10 PM,09:10 PM,FREE,BUSY
06/27/18,09:10 PM,10:10 PM,Cubs at Dodgers,Dodger Stadium - Los Angeles,"Local TV: NBC Sports Chicago+ ----- Local Radio: 670 The Score",06/28/18,06/28/18,12:10 AM,01:10 AM,FALSE,TRUE,06/27/18,08:10 PM,09:10 PM,FREE,BUSY
06/28/18,02:10 PM,03:10 PM,Cubs at Dodgers,Dodger Stadium - Los Angeles,"Local TV: NBC Sports Chicago ----- Local Radio: 670 The Score",06/28/18,06/28/18,05:10 PM,06:10 PM,FALSE,TRUE,06/28/18,01:10 PM,02:10 PM,FREE,BUSY
06/29/18,04:05 PM,05:05 PM,Twins at Cubs,Wrigley Field - Chicago,"Local TV: NBC Sports Chicago ----- Local Radio: 670 The Score- WRTO 1200",06/29/18,06/29/18,07:05 PM,08:05 PM,FALSE,TRUE,06/29/18,03:05 PM,04:05 PM,FREE,BUSY
06/30/18,01:20 PM,02:20 PM,Twins at Cubs,Wrigley Field - Chicago,"Local TV: ABC 7 ----- Local Radio: 670 The Score",06/30/18,06/30/18,04:20 PM,05:20 PM,FALSE,TRUE,06/30/18,12:20 PM,01:20 PM,FREE,BUSY
07/01/18,01:20 PM,02:20 PM,Twins at Cubs,Wrigley Field - Chicago,"Local TV: WGN ----- Local Radio: 670 The Score",07/01/18,07/01/18,04:20 PM,05:20 PM,FALSE,TRUE,07/01/18,12:20 PM,01:20 PM,FREE,BUSY
07/03/18,01:20 PM,02:20 PM,Tigers at Cubs,Wrigley Field - Chicago,"Local TV: NBC Sports Chicago ----- Local Radio: 670 The Score",07/03/18,07/03/18,04:20 PM,05:20 PM,FALSE,TRUE,07/03/18,12:20 PM,01:20 PM,FREE,BUSY
07/04/18,01:20 PM,02:20 PM,Tigers at Cubs,Wrigley Field - Chicago,"Local TV: WGN ----- Local Radio: 670 The Score- WRTO 1200",07/04/18,07/04/18,04:20 PM,05:20 PM,FALSE,TRUE,07/04/18,12:20 PM,01:20 PM,FREE,BUSY
07/06/18,01:20 PM,02:20 PM,Reds at Cubs,Wrigley Field - Chicago,"Local TV: NBC Sports Chicago ----- Local Radio: 670 The Score- WRTO 1200",07/06/18,07/06/18,04:20 PM,05:20 PM,FALSE,TRUE,07/06/18,12:20 PM,01:20 PM,FREE,BUSY
07/07/18,01:20 PM,02:20 PM,Reds at Cubs,Wrigley Field - Chicago,"Local TV: NBC Sports Chicago ----- Local Radio: 670 The Score",07/07/18,07/07/18,04:20 PM,05:20 PM,FALSE,TRUE,07/07/18,12:20 PM,01:20 PM,FREE,BUSY
07/08/18,01:20 PM,02:20 PM,Reds at Cubs,Wrigley Field - Chicago,"Local TV: WGN ----- Local Radio: 670 The Score",07/08/18,07/08/18,04:20 PM,05:20 PM,FALSE,TRUE,07/08/18,12:20 PM,01:20 PM,FREE,BUSY
07/09/18,09:15 PM,10:15 PM,Cubs at Giants,AT&T Park - San Francisco,"Local TV: NBC Sports Chicago ----- Local Radio: 670 The Score",07/10/18,07/10/18,12:15 AM,01:15 AM,FALSE,TRUE,07/09/18,08:15 PM,09:15 PM,FREE,BUSY
07/10/18,09:15 PM,10:15 PM,Cubs at Giants,AT&T Park - San Francisco,"Local TV: ABC 7 ----- Local Radio: 670 The Score",07/11/18,07/11/18,12:15 AM,01:15 AM,FALSE,TRUE,07/10/18,08:15 PM,09:15 PM,FREE,BUSY
07/11/18,02:45 PM,03:45 PM,Cubs at Giants,AT&T Park - San Francisco,"Local TV: NBC Sports Chicago ----- Local Radio: 670 The Score",07/11/18,07/11/18,05:45 PM,06:45 PM,FALSE,TRUE,07/11/18,01:45 PM,02:45 PM,FREE,BUSY
07/13/18,09:10 PM,10:10 PM,Cubs at Padres,Petco Park - San Diego,"Local TV: NBC Sports Chicago ----- Local Radio: 670 The Score",07/14/18,07/14/18,12:10 AM,01:10 AM,FALSE,TRUE,07/13/18,08:10 PM,09:10 PM,FREE,BUSY
07/14/18,09:10 PM,10:10 PM,Cubs at Padres,Petco Park - San Diego,"Local TV: ABC 7 ----- Local Radio: 670 The Score",07/15/18,07/15/18,12:10 AM,01:10 AM,FALSE,TRUE,07/14/18,08:10 PM,09:10 PM,FREE,BUSY
07/15/18,03:10 PM,04:10 PM,Cubs at Padres,Petco Park - San Diego,"Local TV: WGN ----- Local Radio: 670 The Score",07/15/18,07/15/18,06:10 PM,07:10 PM,FALSE,TRUE,07/15/18,02:10 PM,03:10 PM,FREE,BUSY
07/19/18,06:05 PM,07:05 PM,Cardinals at Cubs,Wrigley Field - Chicago,"Local Radio: 670 The Score",07/19/18,07/19/18,09:05 PM,10:05 PM,FALSE,TRUE,07/19/18,05:05 PM,06:05 PM,FREE,BUSY
07/20/18,01:20 PM,02:20 PM,Cardinals at Cubs,Wrigley Field - Chicago,"Local TV: NBC Sports Chicago ----- Local Radio: 670 The Score- WRTO 1200",07/20/18,07/20/18,04:20 PM,05:20 PM,FALSE,TRUE,07/20/18,12:20 PM,01:20 PM,FREE,BUSY
07/21/18,12:05 PM,01:05 PM,Cardinals at Cubs,Wrigley Field - Chicago,"Local TV: WGN ----- Local Radio: 670 The Score",07/21/18,07/21/18,03:05 PM,04:05 PM,FALSE,TRUE,07/21/18,11:05 AM,12:05 PM,FREE,BUSY
07/21/18,06:15 PM,07:15 PM,Cardinals at Cubs,Wrigley Field - Chicago,"Local TV: FOX ----- Local Radio: 670 The Score",07/21/18,07/21/18,09:15 PM,10:15 PM,FALSE,TRUE,07/21/18,05:15 PM,06:15 PM,FREE,BUSY
07/22/18,01:20 PM,02:20 PM,Cardinals at Cubs,Wrigley Field - Chicago,"Local TV: ABC 7 ----- Local Radio: 670 The Score",07/22/18,07/22/18,04:20 PM,05:20 PM,FALSE,TRUE,07/22/18,12:20 PM,01:20 PM,FREE,BUSY
07/23/18,07:05 PM,08:05 PM,D-backs at Cubs,Wrigley Field - Chicago,"Local TV: NBC Sports Chicago ----- Local Radio: 670 The Score",07/23/18,07/23/18,10:05 PM,11:05 PM,FALSE,TRUE,07/23/18,06:05 PM,07:05 PM,FREE,BUSY
07/24/18,07:05 PM,08:05 PM,D-backs at Cubs,Wrigley Field - Chicago,"Local TV: WGN ----- Local Radio: 670 The Score",07/24/18,07/24/18,10:05 PM,11:05 PM,FALSE,TRUE,07/24/18,06:05 PM,07:05 PM,FREE,BUSY
07/25/18,01:20 PM,02:20 PM,D-backs at Cubs,Wrigley Field - Chicago,"Local TV: NBC Sports Chicago ----- Local Radio: 670 The Score",07/25/18,07/25/18,04:20 PM,05:20 PM,FALSE,TRUE,07/25/18,12:20 PM,01:20 PM,FREE,BUSY
07/26/18,01:20 PM,02:20 PM,D-backs at Cubs,Wrigley Field - Chicago,"Local TV: NBC Sports Chicago ----- Local Radio: 670 The Score- WRTO 1200",07/26/18,07/26/18,04:20 PM,05:20 PM,FALSE,TRUE,07/26/18,12:20 PM,01:20 PM,FREE,BUSY
07/27/18,07:15 PM,08:15 PM,Cubs at Cardinals,Busch Stadium - St. Louis,"Local TV: NBC Sports Chicago ----- Local Radio: 670 The Score",07/27/18,07/27/18,10:15 PM,11:15 PM,FALSE,TRUE,07/27/18,06:15 PM,07:15 PM,FREE,BUSY
07/28/18,03:05 PM,04:05 PM,Cubs at Cardinals,Busch Stadium - St. Louis,"Local TV: NBC Sports Chicago- FS1 ----- Local Radio: 670 The Score",07/28/18,07/28/18,06:05 PM,07:05 PM,FALSE,TRUE,07/28/18,02:05 PM,03:05 PM,FREE,BUSY
07/29/18,07:05 PM,08:05 PM,Cubs at Cardinals,Busch Stadium - St. Louis,"Local TV: ESPN ----- Local Radio: 670 The Score",07/29/18,07/29/18,10:05 PM,11:05 PM,FALSE,TRUE,07/29/18,06:05 PM,07:05 PM,FREE,BUSY
07/31/18,06:05 PM,07:05 PM,Cubs at Pirates,PNC Park - Pittsburgh,"Local TV: NBC Sports Chicago ----- Local Radio: 670 The Score",07/31/18,07/31/18,09:05 PM,10:05 PM,FALSE,TRUE,07/31/18,05:05 PM,06:05 PM,FREE,BUSY
08/01/18,06:05 PM,07:05 PM,Cubs at Pirates,PNC Park - Pittsburgh,"Local TV: WGN ----- Local Radio: 670 The Score",08/01/18,08/01/18,09:05 PM,10:05 PM,FALSE,TRUE,08/01/18,05:05 PM,06:05 PM,FREE,BUSY
08/02/18,07:05 PM,08:05 PM,Padres at Cubs,Wrigley Field - Chicago,"Local TV: NBC Sports Chicago ----- Local Radio: 670 The Score",08/02/18,08/02/18,10:05 PM,11:05 PM,FALSE,TRUE,08/02/18,06:05 PM,07:05 PM,FREE,BUSY
08/03/18,01:20 PM,02:20 PM,Padres at Cubs,Wrigley Field - Chicago,"Local TV: NBC Sports Chicago ----- Local Radio: 670 The Score- WRTO 1200",08/03/18,08/03/18,04:20 PM,05:20 PM,FALSE,TRUE,08/03/18,12:20 PM,01:20 PM,FREE,BUSY
08/04/18,01:20 PM,02:20 PM,Padres at Cubs,Wrigley Field - Chicago,"Local TV: NBC Sports Chicago ----- Local Radio: 670 The Score",08/04/18,08/04/18,04:20 PM,05:20 PM,FALSE,TRUE,08/04/18,12:20 PM,01:20 PM,FREE,BUSY
08/05/18,01:20 PM,02:20 PM,Padres at Cubs,Wrigley Field - Chicago,"Local TV: WGN ----- Local Radio: 670 The Score",08/05/18,08/05/18,04:20 PM,05:20 PM,FALSE,TRUE,08/05/18,12:20 PM,01:20 PM,FREE,BUSY
08/06/18,07:15 PM,08:15 PM,Cubs at Royals,Kauffman Stadium - Kansas City,"Local TV: NBC Sports Chicago+ ----- Local Radio: 670 The Score",08/06/18,08/06/18,10:15 PM,11:15 PM,FALSE,TRUE,08/06/18,06:15 PM,07:15 PM,FREE,BUSY
08/07/18,07:15 PM,08:15 PM,Cubs at Royals,Kauffman Stadium - Kansas City,"Local TV: NBC Sports Chicago ----- Local Radio: 670 The Score",08/07/18,08/07/18,10:15 PM,11:15 PM,FALSE,TRUE,08/07/18,06:15 PM,07:15 PM,FREE,BUSY
08/08/18,07:15 PM,08:15 PM,Cubs at Royals,Kauffman Stadium - Kansas City,"Local TV: WGN ----- Local Radio: 670 The Score",08/08/18,08/08/18,10:15 PM,11:15 PM,FALSE,TRUE,08/08/18,06:15 PM,07:15 PM,FREE,BUSY
08/10/18,01:20 PM,02:20 PM,Nationals at Cubs,Wrigley Field - Chicago,"Local TV: NBC Sports Chicago ----- Local Radio: 670 The Score- WRTO 1200",08/10/18,08/10/18,04:20 PM,05:20 PM,FALSE,TRUE,08/10/18,12:20 PM,01:20 PM,FREE,BUSY
08/11/18,03:05 PM,04:05 PM,Nationals at Cubs,Wrigley Field - Chicago,"Local TV: ABC 7- FS1 ----- Local Radio: 670 The Score",08/11/18,08/11/18,06:05 PM,07:05 PM,FALSE,TRUE,08/11/18,02:05 PM,03:05 PM,FREE,BUSY
08/12/18,,,Nationals at Cubs - Time TBD,Wrigley Field - Chicago,"Local TV: NBC Sports Chicago ----- Local Radio: 670 The Score",08/12/18,08/12/18,,,FALSE,TRUE,08/12/18,,,FREE,BUSY
08/14/18,01:20 PM,02:20 PM,Brewers at Cubs,Wrigley Field - Chicago,"Local TV: NBC Sports Chicago ----- Local Radio: 670 The Score",08/14/18,08/14/18,04:20 PM,05:20 PM,FALSE,TRUE,08/14/18,12:20 PM,01:20 PM,FREE,BUSY
08/15/18,01:20 PM,02:20 PM,Brewers at Cubs,Wrigley Field - Chicago,"Local TV: WGN ----- Local Radio: 670 The Score",08/15/18,08/15/18,04:20 PM,05:20 PM,FALSE,TRUE,08/15/18,12:20 PM,01:20 PM,FREE,BUSY
08/16/18,06:05 PM,07:05 PM,Cubs at Pirates,PNC Park - Pittsburgh,"Local TV: NBC Sports Chicago ----- Local Radio: 670 The Score",08/16/18,08/16/18,09:05 PM,10:05 PM,FALSE,TRUE,08/16/18,05:05 PM,06:05 PM,FREE,BUSY
08/17/18,06:05 PM,07:05 PM,Cubs at Pirates,PNC Park - Pittsburgh,"Local TV: NBC Sports Chicago ----- Local Radio: 670 The Score",08/17/18,08/17/18,09:05 PM,10:05 PM,FALSE,TRUE,08/17/18,05:05 PM,06:05 PM,FREE,BUSY
08/18/18,06:05 PM,07:05 PM,Cubs at Pirates,PNC Park - Pittsburgh,"Local TV: WGN ----- Local Radio: 670 The Score",08/18/18,08/18/18,09:05 PM,10:05 PM,FALSE,TRUE,08/18/18,05:05 PM,06:05 PM,FREE,BUSY
08/19/18,12:35 PM,01:35 PM,Cubs at Pirates,PNC Park - Pittsburgh,"Local TV: ABC 7 ----- Local Radio: 670 The Score",08/19/18,08/19/18,03:35 PM,04:35 PM,FALSE,TRUE,08/19/18,11:35 AM,12:35 PM,FREE,BUSY
08/21/18,06:10 PM,07:10 PM,Cubs at Tigers,Comerica Park - Detroit,"Local TV: NBC Sports Chicago ----- Local Radio: 670 The Score",08/21/18,08/21/18,09:10 PM,10:10 PM,FALSE,TRUE,08/21/18,05:10 PM,06:10 PM,FREE,BUSY
08/22/18,06:10 PM,07:10 PM,Cubs at Tigers,Comerica Park - Detroit,"Local TV: WGN ----- Local Radio: 670 The Score",08/22/18,08/22/18,09:10 PM,10:10 PM,FALSE,TRUE,08/22/18,05:10 PM,06:10 PM,FREE,BUSY
08/23/18,07:05 PM,08:05 PM,Reds at Cubs,Wrigley Field - Chicago,"Local TV: NBC Sports Chicago ----- Local Radio: 670 The Score",08/23/18,08/23/18,10:05 PM,11:05 PM,FALSE,TRUE,08/23/18,06:05 PM,07:05 PM,FREE,BUSY
08/24/18,01:20 PM,02:20 PM,Reds at Cubs,Wrigley Field - Chicago,"Local TV: NBC Sports Chicago ----- Local Radio: 670 The Score- WRTO 1200",08/24/18,08/24/18,04:20 PM,05:20 PM,FALSE,TRUE,08/24/18,12:20 PM,01:20 PM,FREE,BUSY
08/25/18,01:20 PM,02:20 PM,Reds at Cubs,Wrigley Field - Chicago,"Local TV: ABC 7 ----- Local Radio: 670 The Score",08/25/18,08/25/18,04:20 PM,05:20 PM,FALSE,TRUE,08/25/18,12:20 PM,01:20 PM,FREE,BUSY
08/26/18,01:20 PM,02:20 PM,Reds at Cubs,Wrigley Field - Chicago,"Local TV: WGN ----- Local Radio: 670 The Score",08/26/18,08/26/18,04:20 PM,05:20 PM,FALSE,TRUE,08/26/18,12:20 PM,01:20 PM,FREE,BUSY
08/27/18,07:05 PM,08:05 PM,Mets at Cubs,Wrigley Field - Chicago,"Local TV: NBC Sports Chicago ----- Local Radio: 670 The Score",08/27/18,08/27/18,10:05 PM,11:05 PM,FALSE,TRUE,08/27/18,06:05 PM,07:05 PM,FREE,BUSY
08/28/18,07:05 PM,08:05 PM,Mets at Cubs,Wrigley Field - Chicago,"Local TV: WGN ----- Local Radio: 670 The Score",08/28/18,08/28/18,10:05 PM,11:05 PM,FALSE,TRUE,08/28/18,06:05 PM,07:05 PM,FREE,BUSY
08/29/18,01:20 PM,02:20 PM,Mets at Cubs,Wrigley Field - Chicago,"Local TV: NBC Sports Chicago ----- Local Radio: 670 The Score- WRTO 1200",08/29/18,08/29/18,04:20 PM,05:20 PM,FALSE,TRUE,08/29/18,12:20 PM,01:20 PM,FREE,BUSY
08/31/18,06:05 PM,07:05 PM,Cubs at Phillies,Citizens Bank Park - Philadelphia,"Local TV: NBC Sports Chicago+ ----- Local Radio: 670 The Score",08/31/18,08/31/18,09:05 PM,10:05 PM,FALSE,TRUE,08/31/18,05:05 PM,06:05 PM,FREE,BUSY
09/01/18,06:05 PM,07:05 PM,Cubs at Phillies,Citizens Bank Park - Philadelphia,"Local TV: NBC Sports Chicago ----- Local Radio: 670 The Score",09/01/18,09/01/18,09:05 PM,10:05 PM,FALSE,TRUE,09/01/18,05:05 PM,06:05 PM,FREE,BUSY
09/02/18,12:35 PM,01:35 PM,Cubs at Phillies,Citizens Bank Park - Philadelphia,"Local TV: WGN ----- Local Radio: 670 The Score",09/02/18,09/02/18,03:35 PM,04:35 PM,FALSE,TRUE,09/02/18,11:35 AM,12:35 PM,FREE,BUSY
09/03/18,01:10 PM,02:10 PM,Cubs at Brewers,Miller Park - Milwaukee,"Local TV: WGN ----- Local Radio: 670 The Score",09/03/18,09/03/18,04:10 PM,05:10 PM,FALSE,TRUE,09/03/18,12:10 PM,01:10 PM,FREE,BUSY
09/04/18,07:10 PM,08:10 PM,Cubs at Brewers,Miller Park - Milwaukee,"Local TV: NBC Sports Chicago ----- Local Radio: 670 The Score",09/04/18,09/04/18,10:10 PM,11:10 PM,FALSE,TRUE,09/04/18,06:10 PM,07:10 PM,FREE,BUSY
09/05/18,07:10 PM,08:10 PM,Cubs at Brewers,Miller Park - Milwaukee,"Local TV: WGN ----- Local Radio: 670 The Score",09/05/18,09/05/18,10:10 PM,11:10 PM,FALSE,TRUE,09/05/18,06:10 PM,07:10 PM,FREE,BUSY
09/06/18,06:05 PM,07:05 PM,Cubs at Nationals,Nationals Park - Washington,"Local TV: NBC Sports Chicago ----- Local Radio: 670 The Score",09/06/18,09/06/18,09:05 PM,10:05 PM,FALSE,TRUE,09/06/18,05:05 PM,06:05 PM,FREE,BUSY
09/07/18,06:05 PM,07:05 PM,Cubs at Nationals,Nationals Park - Washington,"Local TV: NBC Sports Chicago ----- Local Radio: 670 The Score",09/07/18,09/07/18,09:05 PM,10:05 PM,FALSE,TRUE,09/07/18,05:05 PM,06:05 PM,FREE,BUSY
09/08/18,06:05 PM,07:05 PM,Cubs at Nationals,Nationals Park - Washington,"Local TV: WGN ----- Local Radio: 670 The Score",09/08/18,09/08/18,09:05 PM,10:05 PM,FALSE,TRUE,09/08/18,05:05 PM,06:05 PM,FREE,BUSY
09/09/18,12:35 PM,01:35 PM,Cubs at Nationals,Nationals Park - Washington,"Local Radio: 670 The Score",09/09/18,09/09/18,03:35 PM,04:35 PM,FALSE,TRUE,09/09/18,11:35 AM,12:35 PM,FREE,BUSY
09/10/18,07:05 PM,08:05 PM,Brewers at Cubs,Wrigley Field - Chicago,"Local TV: NBC Sports Chicago ----- Local Radio: 670 The Score- WRTO 1200",09/10/18,09/10/18,10:05 PM,11:05 PM,FALSE,TRUE,09/10/18,06:05 PM,07:05 PM,FREE,BUSY
09/11/18,07:05 PM,08:05 PM,Brewers at Cubs,Wrigley Field - Chicago,"Local TV: WGN ----- Local Radio: 670 The Score",09/11/18,09/11/18,10:05 PM,11:05 PM,FALSE,TRUE,09/11/18,06:05 PM,07:05 PM,FREE,BUSY
09/12/18,07:05 PM,08:05 PM,Brewers at Cubs,Wrigley Field - Chicago,"Local TV: ABC 7 ----- Local Radio: 670 The Score",09/12/18,09/12/18,10:05 PM,11:05 PM,FALSE,TRUE,09/12/18,06:05 PM,07:05 PM,FREE,BUSY
09/14/18,01:20 PM,02:20 PM,Reds at Cubs,Wrigley Field - Chicago,"Local TV: WGN ----- Local Radio: 670 The Score- WRTO 1200",09/14/18,09/14/18,04:20 PM,05:20 PM,FALSE,TRUE,09/14/18,12:20 PM,01:20 PM,FREE,BUSY
09/15/18,03:05 PM,04:05 PM,Reds at Cubs,Wrigley Field - Chicago,"Local TV: NBC Sports Chicago ----- Local Radio: 670 The Score",09/15/18,09/15/18,06:05 PM,07:05 PM,FALSE,TRUE,09/15/18,02:05 PM,03:05 PM,FREE,BUSY
09/16/18,01:20 PM,02:20 PM,Reds at Cubs,Wrigley Field - Chicago,"Local TV: ABC 7 ----- Local Radio: 670 The Score",09/16/18,09/16/18,04:20 PM,05:20 PM,FALSE,TRUE,09/16/18,12:20 PM,01:20 PM,FREE,BUSY
09/17/18,08:40 PM,09:40 PM,Cubs at D-backs,Chase Field - Phoenix,"Local TV: WGN ----- Local Radio: 670 The Score",09/17/18,09/18/18,11:40 PM,12:40 AM,FALSE,TRUE,09/17/18,07:40 PM,08:40 PM,FREE,BUSY
09/18/18,08:40 PM,09:40 PM,Cubs at D-backs,Chase Field - Phoenix,"Local TV: WGN ----- Local Radio: 670 The Score",09/18/18,09/19/18,11:40 PM,12:40 AM,FALSE,TRUE,09/18/18,07:40 PM,08:40 PM,FREE,BUSY
09/19/18,08:40 PM,09:40 PM,Cubs at D-backs,Chase Field - Phoenix,"Local TV: NBC Sports Chicago ----- Local Radio: 670 The Score",09/19/18,09/20/18,11:40 PM,12:40 AM,FALSE,TRUE,09/19/18,07:40 PM,08:40 PM,FREE,BUSY
09/21/18,03:10 PM,04:10 PM,Cubs at White Sox,Guaranteed Rate Field - Chicago,"Local TV: NBC Sports Chicago ----- Local Radio: 670 The Score",09/21/18,09/21/18,06:10 PM,07:10 PM,FALSE,TRUE,09/21/18,02:10 PM,03:10 PM,FREE,BUSY
09/22/18,06:10 PM,07:10 PM,Cubs at White Sox,Guaranteed Rate Field - Chicago,"Local Radio: 670 The Score",09/22/18,09/22/18,09:10 PM,10:10 PM,FALSE,TRUE,09/22/18,05:10 PM,06:10 PM,FREE,BUSY
09/23/18,01:10 PM,02:10 PM,Cubs at White Sox,Guaranteed Rate Field - Chicago,"Local TV: ABC 7 ----- Local Radio: 670 The Score",09/23/18,09/23/18,04:10 PM,05:10 PM,FALSE,TRUE,09/23/18,12:10 PM,01:10 PM,FREE,BUSY
09/24/18,07:05 PM,08:05 PM,Pirates at Cubs,Wrigley Field - Chicago,"Local TV: NBC Sports Chicago ----- Local Radio: 670 The Score",09/24/18,09/24/18,10:05 PM,11:05 PM,FALSE,TRUE,09/24/18,06:05 PM,07:05 PM,FREE,BUSY
09/25/18,07:05 PM,08:05 PM,Pirates at Cubs,Wrigley Field - Chicago,"Local TV: WGN ----- Local Radio: 670 The Score",09/25/18,09/25/18,10:05 PM,11:05 PM,FALSE,TRUE,09/25/18,06:05 PM,07:05 PM,FREE,BUSY
09/26/18,07:05 PM,08:05 PM,Pirates at Cubs,Wrigley Field - Chicago,"Local TV: NBC Sports Chicago ----- Local Radio: 670 The Score",09/26/18,09/26/18,10:05 PM,11:05 PM,FALSE,TRUE,09/26/18,06:05 PM,07:05 PM,FREE,BUSY
09/27/18,07:05 PM,08:05 PM,Pirates at Cubs,Wrigley Field - Chicago,"Local TV: NBC Sports Chicago ----- Local Radio: 670 The Score- WRTO 1200",09/27/18,09/27/18,10:05 PM,11:05 PM,FALSE,TRUE,09/27/18,06:05 PM,07:05 PM,FREE,BUSY
09/28/18,01:20 PM,02:20 PM,Cardinals at Cubs,Wrigley Field - Chicago,"Local TV: ABC 7 ----- Local Radio: 670 The Score- WRTO 1200",09/28/18,09/28/18,04:20 PM,05:20 PM,FALSE,TRUE,09/28/18,12:20 PM,01:20 PM,FREE,BUSY
09/29/18,,,Cardinals at Cubs - Time TBD,Wrigley Field - Chicago,"Local Radio: 670 The Score- WRTO 1200",09/29/18,09/29/18,,,FALSE,TRUE,09/29/18,,,FREE,BUSY
09/30/18,02:20 PM,03:20 PM,Cardinals at Cubs,Wrigley Field - Chicago,"Local TV: NBC Sports Chicago ----- Local Radio: 670 The Score",09/30/18,09/30/18,05:20 PM,06:20 PM,FALSE,TRUE,09/30/18,01:20 PM,02:20 PM,FREE,BUSY
